{
  "experiment": "bandpower_logreg_occipital_only",
  "mean_balanced_accuracy": 0.5062123700799019,
  "std_balanced_accuracy": 0.07563693537344574,
  "mean_f1": 0.5026401074735534,
  "mean_precision": 0.3791624725101729,
  "mean_recall": 0.7891841116478798,
  "confusion_matrix": [
    [
      146,
      551
    ],
    [
      102,
      385
    ]
  ],
  "mean_roc_auc": 0.4709291500258834
}