{
  "experiment": "bandpower_logreg_train_task1_test_task2",
  "mean_balanced_accuracy": 0.6755141080822573,
  "std_balanced_accuracy": NaN,
  "mean_f1": 0.5208053691275167,
  "mean_precision": 0.38877755511022044,
  "mean_recall": 0.7886178861788617,
  "confusion_matrix": [
    [
      392,
      305
    ],
    [
      52,
      194
    ]
  ],
  "mean_roc_auc": 0.7547911490592669
}