balanced_accuracy,confusion_matrix,f1,precision,recall,roc_auc,group,n_windows
0.6962269468566697,"[[203, 194], [17, 126]]",0.5442764578833693,0.39375,0.8811188811188811,0.8263373905691287,ADHD,540
0.6450970873786408,"[[189, 111], [35, 68]]",0.48226950354609927,0.37988826815642457,0.6601941747572816,0.6862135922330097,control,403
