{
  "experiment": "bandpower_logreg_no_artifact_rejection",
  "mean_balanced_accuracy": 0.5007020757020757,
  "std_balanced_accuracy": 0.11631077819461318,
  "mean_f1": 0.5411570197407788,
  "mean_precision": 0.4150009091136518,
  "mean_recall": 0.8314814814814815,
  "confusion_matrix": [
    [
      138,
      674
    ],
    [
      91,
      449
    ]
  ],
  "mean_roc_auc": 0.5722127255460588
}