balanced_accuracy,confusion_matrix,f1,precision,recall,roc_auc,group,n_windows
0.5092652256263058,"[[152, 245], [47, 82]]",0.35964912280701755,0.25076452599388377,0.6356589147286822,0.45310760939605177,ADHD,526
0.6316666666666666,"[[229, 71], [56, 56]]",0.4686192468619247,0.4409448818897638,0.5,0.7544642857142858,control,412
