{
  "experiment": "bandpower_logreg_frontal_only",
  "mean_balanced_accuracy": 0.5023809166670881,
  "std_balanced_accuracy": 0.030664357303566623,
  "mean_f1": 0.5681205367166263,
  "mean_precision": 0.41393103743302156,
  "mean_recall": 0.9238512842344259,
  "confusion_matrix": [
    [
      52,
      645
    ],
    [
      37,
      450
    ]
  ],
  "mean_roc_auc": 0.41693625135020507
}